EpLenMean,EpRewMean,EpThisIter,EpisodesSoFar,TimeElapsed,TimestepsSoFar,ev_tdlam_before,loss_ent,loss_kl,loss_pol_entpen,loss_pol_surr,loss_vf_loss
1000.0,1000.0,2,2,4.700392007827759,2000,0.023776471614837646,2.681338,0.06835882,0.0,-0.06251583,158.7531
1000.0,1000.0,2,4,6.705702543258667,4000,0.746993750333786,2.5418215,0.35047024,0.0,-0.072647974,70.31428
1000.0,1000.0,2,6,8.525848388671875,6000,-0.013720870018005371,2.4230797,0.07710882,0.0,-0.06278463,102.84536
1000.0,1000.0,2,8,10.299601554870605,8000,-0.000446319580078125,2.353183,0.11359222,0.0,-0.059246134,105.46338
1000.0,1000.0,2,10,12.10300612449646,10000,-0.0023833513259887695,2.211345,0.060883917,0.0,-0.058541615,100.16558
1000.0,1000.0,2,12,14.016938924789429,12000,0.483346164226532,2.1957471,0.08459108,0.0,-0.05605886,81.648766
1000.0,1000.0,2,14,15.806370258331299,14000,0.6686451137065887,2.1750913,0.30056685,0.0,-0.06365039,78.848366
1000.0,1000.0,2,16,17.676295280456543,16000,0.8360082060098648,2.0166667,0.9942879,0.0,-0.1211034,68.9964
1000.0,1000.0,2,18,19.515142679214478,18000,0.7301094233989716,1.8744661,0.19873479,0.0,-0.089744955,24.930916
738.4444444444445,738.4444444444445,9,27,21.355957984924316,19938,0.8559920936822891,1.6948842,0.40845138,0.0,-0.10507997,38.28513
344.5076923076923,344.5076923076923,38,65,23.425901412963867,22393,0.8825737237930298,1.6492987,0.26817557,0.0,-0.11023843,44.254707
154.7,154.7,44,109,25.44020986557007,24470,0.9233483895659447,1.5646397,0.2280065,0.0,-0.09576031,42.930046
50.43,50.43,25,134,27.422654390335083,26092,0.9415206238627434,1.4124142,0.43349501,0.0,-0.11610083,33.894936
53.26,53.26,44,178,29.466497898101807,28510,0.8573154658079147,1.4028804,0.08558927,0.0,-0.05211487,43.129623
56.03,56.03,35,213,31.41242790222168,30516,0.8059959560632706,1.3669559,0.052679505,0.0,-0.057481263,44.797512
53.38,53.38,35,248,33.43570041656494,32495,0.6710177361965179,1.3233424,0.10250616,0.0,-0.068343505,50.436905
55.38,55.38,35,283,35.3759183883667,34500,0.5777721405029297,1.292975,0.0810465,0.0,-0.07172698,51.788315
62.92,62.92,26,309,37.42595076560974,36804,0.8929750993847847,1.2632496,0.77619874,0.0,-0.14793862,71.53027
71.45,71.45,9,318,39.28858971595764,38151,0.8341800272464752,1.2348328,0.21378422,0.0,-0.11786089,27.391264
86.23,86.23,11,329,41.13999843597412,40120,0.4687778353691101,1.2048858,0.301073,0.0,-0.084779695,19.280722
106.21,106.21,2,331,42.981990814208984,42120,0.4011964201927185,1.2135136,0.12726171,0.0,-0.06653151,13.7611885
121.31,121.31,2,333,44.78857922554016,44120,0.16727125644683838,1.2164214,0.33784115,0.0,-0.08463955,13.2724695
141.29,141.29,2,335,46.63288855552673,46120,0.19151705503463745,1.1924434,0.14414708,0.0,-0.06825273,21.41196
171.26,171.26,3,338,48.49340081214905,49120,0.06685894727706909,1.1660103,0.0814864,0.0,-0.06541046,42.477745
186.33,186.33,2,340,50.27145266532898,51120,0.014274418354034424,1.1238998,0.17171304,0.0,-0.060817264,38.5026
206.31,206.31,2,342,52.092395067214966,53120,0.024045050144195557,1.0292226,0.14760885,0.0,-0.05884216,34.114372
226.29,226.29,2,344,53.94922423362732,55120,0.10382044315338135,0.95398533,0.14048073,0.0,-0.050713044,33.53379
227.67,227.67,32,376,56.01934480667114,57260,0.8624540418386459,0.970333,0.701515,0.0,-0.13564171,74.231224
221.33,221.33,38,414,58.114948987960815,59281,0.8334830850362778,0.95241976,0.38360894,0.0,-0.15139464,39.669834
49.33,49.33,42,456,60.08412194252014,61330,0.8670953959226608,0.94927204,0.37305927,0.0,-0.12138027,23.65235
49.26,49.26,39,495,62.17962455749512,63377,0.8486112505197525,0.9469432,0.17789187,0.0,-0.11680574,19.305462
49.66,49.66,39,534,64.16531014442444,65404,0.8386276662349701,0.94428027,0.08012451,0.0,-0.10431944,22.224937
50.25,50.25,36,570,66.20798349380493,67210,0.7859724909067154,0.8833141,0.0937532,0.0,-0.09389557,22.442286
52.35,52.35,38,608,68.28118133544922,69356,0.8401576429605484,0.8379192,0.058884252,0.0,-0.06995302,25.476059
63.41,63.41,18,626,70.25620555877686,71315,0.7898790091276169,0.7827058,0.028075721,0.0,-0.035666797,26.807669
61.1,61.1,37,663,72.35993146896362,73313,0.8847523108124733,0.7591763,0.050382655,0.0,-0.02424761,25.960417
65.74,65.74,34,697,74.30951118469238,75439,0.7994498312473297,0.7229658,0.059387986,0.0,-0.051523127,30.98008
57.78,57.78,32,729,76.32490038871765,77609,0.9249715730547905,0.7270754,0.050148904,0.0,-0.03234971,25.169994
61.22,61.22,34,763,78.44279646873474,79435,0.9280137568712234,0.7308059,0.07965834,0.0,-0.049434077,26.785233
62.5,62.5,30,793,80.55722975730896,81685,0.9154232740402222,0.7360592,0.12538344,0.0,-0.056286484,29.105612
59.08,59.08,33,826,82.60945439338684,83514,0.9186698645353317,0.7318033,0.10034581,0.0,-0.025653018,30.301157
64.68,64.68,33,859,84.6920702457428,85899,0.8592382371425629,0.729321,0.06759473,0.0,-0.020991977,35.64399
70.26,70.26,9,868,86.57071685791016,87454,0.8527782410383224,0.6881663,0.059406575,0.0,-0.069516905,26.588371
85.6,85.6,2,870,88.47626876831055,89454,0.7025379240512848,0.65259933,0.04583159,0.0,-0.032299656,37.088062
106.77,106.77,10,880,90.39913773536682,91980,0.8442965745925903,0.6280231,0.054687805,0.0,-0.039450496,41.94252
118.8,118.8,15,895,92.39697337150574,93907,0.9067141860723495,0.615693,0.06155095,0.0,-0.029569358,32.095005
128.75,128.75,19,914,94.39343214035034,95870,0.902450442314148,0.6154652,0.02871495,0.0,-0.05050915,31.768625
148.73,148.73,2,916,96.20970630645752,97870,0.670645147562027,0.61561376,0.03279621,0.0,-0.020161001,40.304817
168.07,168.07,10,926,98.12305116653442,100321,0.7995114773511887,0.6151903,0.03070153,0.0,-0.033258826,39.47764
183.33,183.33,2,928,99.95858359336853,102321,0.8530180752277374,0.61605054,0.11010859,0.0,-0.088843025,44.65446
203.31,203.31,2,930,101.80809783935547,104321,0.728586882352829,0.6164886,0.013757122,0.0,-0.040974908,38.32719
223.29,223.29,2,932,103.67164349555969,106321,0.7864972352981567,0.6162146,0.058442164,0.0,-0.038785417,32.0157
180.37,180.37,39,971,105.77471351623535,108491,0.9323918670415878,0.6160158,0.03783748,0.0,-0.04425263,38.679356
154.41,154.41,35,1006,107.7556459903717,110304,0.9383092448115349,0.6159362,0.033008054,0.0,-0.044426832,29.704235
47.89,47.89,36,1042,109.86467409133911,112041,0.9396242089569569,0.61543024,0.012785544,0.0,-0.023383753,30.08199
67.87,67.87,2,1044,111.65803027153015,114041,0.5602840781211853,0.6150353,0.02100374,0.0,-0.024399722,43.49781
87.85,87.85,2,1046,113.54570484161377,116041,0.7234480977058411,0.6156204,0.03367989,0.0,-0.055313747,33.68029
103.77,103.77,2,1048,115.45030570030212,118041,0.7893028855323792,0.6165097,0.02406807,0.0,-0.039366283,39.73683
123.75,123.75,2,1050,117.22974181175232,120041,0.7692045420408249,0.6169002,0.030562365,0.0,-0.044378888,32.155323
144.92,144.92,11,1061,119.08939790725708,122573,0.8283016830682755,0.6163094,0.026533712,0.0,-0.026990402,48.99741
142.81,142.81,42,1103,121.18704295158386,124582,0.9032027050852776,0.6159127,0.023587234,0.0,-0.019862656,41.805725
95.73,95.73,44,1147,123.30975937843323,126614,0.9099497646093369,0.6130658,0.018021291,0.0,-0.05331331,33.626694
46.4,46.4,44,1191,125.3624017238617,128799,0.9286974519491196,0.6119136,0.01303554,0.0,-0.022825135,37.967594
52.68,52.68,29,1220,127.30537796020508,130702,0.9293385669589043,0.6138783,0.009390508,0.0,-0.027011555,33.004772
55.23,55.23,21,1241,129.2673077583313,132131,0.9349959939718246,0.61227614,0.024735492,0.0,-0.012941112,23.454128
85.2,85.2,3,1244,131.03165531158447,135131,0.4151730537414551,0.60751045,0.016737249,0.0,-0.024791325,69.904434
105.18,105.18,2,1246,132.85291266441345,137131,0.6471626460552216,0.6099447,0.016868178,0.0,-0.005547545,51.23082
120.52,120.52,2,1248,134.64698934555054,139131,0.6179718673229218,0.6095264,0.014204963,0.0,-0.014083378,45.17434
121.2,121.2,37,1285,136.52439141273499,140913,0.9358971863985062,0.6095217,0.02959846,0.0,-0.030537173,35.77513
114.83,114.83,41,1326,138.45004773139954,143061,0.9530434012413025,0.6116207,0.04042496,0.0,-0.0114271585,26.12559
50.44,50.44,41,1367,140.50365352630615,145118,0.9128224775195122,0.61513525,0.012277011,0.0,-0.007851235,45.568108
50.0,50.0,41,1408,142.4513339996338,147191,0.9365702793002129,0.6162846,0.0017620224,0.0,-0.01579049,34.95156
50.82,50.82,43,1451,144.45398473739624,149341,0.9395633339881897,0.61765474,0.0061348276,0.0,0.00688219,34.875183
46.47,46.47,44,1495,146.53916764259338,151403,0.9395447000861168,0.6182735,0.002080266,0.0,-0.0030794363,34.336815
46.97,46.97,36,1531,148.509667634964,153125,0.932213693857193,0.61942935,0.0030127394,0.0,-0.022558583,33.335175
47.24,47.24,43,1574,150.72788906097412,155300,0.9038946405053139,0.62109303,0.0036628891,0.0,-0.032622565,42.824745
46.99,46.99,40,1614,152.82877564430237,157377,0.927122600376606,0.6188143,0.012458432,0.0,-0.014022654,34.435646
56.81,56.81,25,1639,154.81895875930786,159697,0.8462561070919037,0.6071212,0.04720415,0.0,-0.012817541,57.334427
67.02,67.02,19,1658,156.81632351875305,161644,0.9106985554099083,0.6041858,0.024450751,0.0,-0.01224648,36.342453
87.0,87.0,2,1660,158.70314192771912,163644,0.8852322474122047,0.6088638,0.10547492,0.0,-0.072409734,28.941307
98.92,98.92,17,1677,160.63339233398438,165543,0.8763372004032135,0.6078598,0.013463337,0.0,-0.0224932,42.956978
89.7,89.7,41,1718,162.6519718170166,167824,0.9338349848985672,0.60182023,0.21264634,0.0,-0.04053361,32.500267
48.16,48.16,45,1763,164.75364422798157,169928,0.9141550213098526,0.6052969,0.007866085,0.0,-0.003508716,43.32625
47.55,47.55,34,1797,166.73367166519165,171704,0.9291137084364891,0.5990503,0.019711947,0.0,0.0043017287,34.82185
45.25,45.25,51,1848,168.88440012931824,174027,0.8950107023119926,0.5986785,0.0069740694,0.0,-7.9039484e-05,55.596508
42.81,42.81,44,1892,171.07079815864563,175980,0.9254931882023811,0.59799117,0.010604827,0.0,-0.0113945585,42.26399
52.79,52.79,10,1902,172.93956899642944,177416,0.865745484828949,0.59247774,0.030683167,0.0,-0.027307544,37.659264
65.32,65.32,35,1937,174.88673162460327,180132,0.859655037522316,0.5949238,0.014023848,0.0,-0.020897444,59.65141
69.53,69.53,38,1975,176.95308637619019,182272,0.9323391243815422,0.5957748,0.0023909986,0.0,-0.017617304,35.583103
89.51,89.51,2,1977,178.96241188049316,184272,0.4446030259132385,0.5970096,0.026749015,0.0,-0.022035325,54.92618
70.54,70.54,41,2018,181.05787301063538,186341,0.9171919897198677,0.5931661,0.0043627205,0.0,-0.009645205,38.9443
90.52,90.52,2,2020,182.90557527542114,188341,0.8533572107553482,0.59662116,0.06359469,0.0,-0.054296352,38.358074
100.85,100.85,17,2037,184.7440927028656,190217,0.891658715903759,0.59659123,0.009452048,0.0,-0.0071687754,41.198612
111.36,111.36,17,2054,186.74701952934265,192112,0.8841396123170853,0.5919817,0.008862777,0.0,-0.018559154,40.971653
96.82,96.82,28,2082,188.65668892860413,194426,0.8840633407235146,0.5903797,0.0042074984,0.0,-0.01884408,55.01678
107.36,107.36,17,2099,190.62449884414673,196302,0.8774528503417969,0.58962935,0.008125185,0.0,-0.02264951,40.69878
72.78,72.78,39,2138,192.6642246246338,198495,0.9328969642519951,0.5896453,0.010488258,0.0,-0.013691092,37.4046
79.06,79.06,9,2147,194.50354743003845,200011,0.8068765550851822,0.5860931,0.030091038,0.0,-0.035601575,33.240627
82.87,82.87,32,2179,196.57204580307007,202710,0.8693492114543915,0.5885456,0.0065880953,0.0,-0.015829623,54.80474
102.85,102.85,2,2181,198.47378540039062,204710,0.7922803461551666,0.593282,0.05403992,0.0,-0.045375366,45.39969
112.84,112.84,2,2183,200.3369140625,206710,0.7684524953365326,0.59416956,0.0217886,0.0,-0.01250026,44.545444
128.46,128.46,2,2185,202.18404579162598,208710,0.769494891166687,0.5964233,0.01756008,0.0,-0.0133721,43.039886
139.73,139.73,9,2194,204.0097005367279,210270,0.896380178630352,0.595577,0.10044827,0.0,-0.010831256,29.318316
161.08,161.08,12,2206,205.8241789340973,212816,0.8318752646446228,0.5936215,0.007626333,0.0,0.007862259,49.204353
176.26,176.26,2,2208,207.57455015182495,214816,0.7779450118541718,0.59545875,0.012342735,0.0,-0.006091863,41.34732
187.65,187.65,18,2226,209.54215693473816,216764,0.8754027187824249,0.59351903,0.0073841363,0.0,-0.011620581,40.158207
207.63,207.63,2,2228,211.45439410209656,218764,0.8146537095308304,0.5950661,0.0254826,0.0,-0.03658112,43.393673
217.33,217.33,9,2237,213.4414451122284,220227,0.8834890872240067,0.58861655,0.0321697,0.0,-0.039930858,29.918198
217.51,217.51,11,2248,215.3708348274231,222762,0.8272350579500198,0.58806497,0.020090988,0.0,-0.027956903,50.16983
232.93,232.93,2,2250,217.24347138404846,224762,0.7989104986190796,0.58551025,0.01770506,0.0,-0.027278742,42.72086
252.91,252.91,2,2252,219.04697561264038,226762,0.7492680251598358,0.5822904,0.028167676,0.0,-0.007499529,44.140068
272.89,272.89,2,2254,220.84355974197388,228762,0.6714538931846619,0.5788109,0.04986593,0.0,-0.033371195,47.793823
288.66,288.66,2,2256,222.66453576087952,230762,0.5907311141490936,0.5815316,0.03640151,0.0,-0.057700977,45.35746
308.64,308.64,2,2258,224.59583401679993,232762,0.6185154318809509,0.57989675,0.07250479,0.0,-0.043849826,45.406193
328.62,328.62,2,2260,226.52380394935608,234762,0.6288736462593079,0.5779341,0.040538024,0.0,-0.038847588,44.870464
348.6,348.6,2,2262,228.3241410255432,236762,0.6650792062282562,0.57353705,0.014320871,0.0,-0.03542387,44.531097
364.67,364.67,2,2264,230.10946369171143,238762,0.6632685363292694,0.57290286,0.016420018,0.0,-0.024630994,47.251614
384.65,384.65,2,2266,231.98359394073486,240762,0.6708370447158813,0.5715122,0.021566449,0.0,-0.030071938,42.55412
404.63,404.63,2,2268,233.93078351020813,242762,0.7335922420024872,0.56994796,0.027081542,0.0,-0.034997217,42.25738
424.61,424.61,2,2270,235.92560625076294,244762,0.7270507216453552,0.5735673,0.014319095,0.0,-0.022121005,41.910107
450.58,450.58,3,2273,237.99990725517273,247762,0.4495677947998047,0.5680474,0.029690254,0.0,-0.037046615,46.630417
470.56,470.56,2,2275,239.86525583267212,249762,0.49886059761047363,0.57194114,0.022548469,0.0,-0.020839036,54.362354
490.54,490.54,2,2277,241.66864109039307,251762,0.719883382320404,0.56911916,0.040070012,0.0,-0.04135383,34.420246
510.52,510.52,2,2279,243.43416571617126,253762,0.7081289887428284,0.558609,0.029150484,0.0,-0.019032482,37.396477
510.52,510.52,2,2281,245.23183584213257,255762,0.756700187921524,0.561064,0.033429027,0.0,-0.025735551,40.031796
510.52,510.52,2,2283,246.9935643672943,257762,0.7268988192081451,0.5586817,0.011985245,0.0,-0.009817957,45.4762
510.52,510.52,2,2285,248.93335628509521,259762,0.6957689821720123,0.5592401,0.013701996,0.0,-0.02042779,44.73346
514.99,514.99,2,2287,250.74099898338318,261762,0.666698545217514,0.5591449,0.010870854,0.0,-0.032726195,39.998165
534.97,534.97,2,2289,252.5035364627838,263762,0.5305849313735962,0.5550461,0.027492294,0.0,-0.0385366,43.19649
554.95,554.95,2,2291,254.24956798553467,265762,0.43542683124542236,0.5556098,0.010714692,0.0,-0.04349048,39.979355
574.93,574.93,2,2293,255.99434971809387,267762,0.6233273446559906,0.55484366,0.028002786,0.0,-0.040117975,44.252613
584.92,584.92,2,2295,257.86465406417847,269762,0.6134506464004517,0.555296,0.006776934,0.0,-0.0040248837,51.22662
589.55,589.55,2,2297,259.7902901172638,271762,0.5922771394252777,0.55647635,0.013216535,0.0,-0.032557383,46.54134
609.53,609.53,2,2299,261.7860691547394,273762,0.66777503490448,0.55523115,0.032126475,0.0,-0.017811548,45.325333
629.51,629.51,2,2301,263.72445702552795,275762,0.6870809197425842,0.55915916,0.011268197,0.0,-0.027585313,39.92906
649.49,649.49,2,2303,265.87140417099,277762,0.5552729964256287,0.55209136,0.021683274,0.0,-0.041734464,36.206345
669.47,669.47,2,2305,267.9987587928772,279762,0.6695773005485535,0.5563813,0.01665148,0.0,-0.004763608,47.216656
679.46,679.46,2,2307,269.90585136413574,281762,0.670898050069809,0.5562356,0.020923827,0.0,-0.022081094,41.355904
684.99,684.99,2,2309,271.75427317619324,283762,0.5001938939094543,0.5560379,0.040057633,0.0,-0.027265668,49.41772
704.97,704.97,2,2311,273.6120159626007,285762,0.5676235258579254,0.5559052,0.023665398,0.0,-0.016596561,51.736298
734.94,734.94,3,2314,275.556893825531,288762,0.7296253144741058,0.5612622,0.017591937,0.0,-0.031978052,56.63138
735.22,735.22,9,2323,277.57621216773987,290283,0.9196531474590302,0.5342331,0.07344507,0.0,-0.052657522,32.195328
755.2,755.2,2,2325,279.76061272621155,292283,0.7779435217380524,0.5292914,0.045817442,0.0,-0.04567299,43.754738
765.19,765.19,2,2327,281.6792325973511,294283,0.7220510542392731,0.51471716,0.016589507,0.0,-0.024769403,49.695927
770.63,770.63,2,2329,283.560040473938,296283,0.6701583564281464,0.515321,0.04579254,0.0,-0.024850518,37.295727
772.34,772.34,10,2339,285.53516936302185,298988,0.878186047077179,0.44961333,0.06263212,0.0,-0.06336634,45.269184
792.32,792.32,2,2341,287.34328389167786,300988,0.5238180458545685,0.45576862,0.018482374,0.0,-0.02549677,47.287807
788.67,788.67,8,2349,289.3061978816986,302629,0.915744848549366,0.40583488,0.13582632,0.0,-0.051863115,26.960484
788.67,788.67,2,2351,291.36586332321167,304629,0.8328941166400909,0.37128574,0.019433953,0.0,-0.0365145,39.397266
714.6,714.6,9,2360,293.44477581977844,306222,0.9167899712920189,0.36624402,0.030796533,0.0,-0.020950759,22.785933
714.6,714.6,3,2363,295.3066318035126,309222,0.6489457190036774,0.37232083,0.018769402,0.0,-0.029285938,55.262455
714.6,714.6,2,2365,297.4176425933838,311222,0.7278920710086823,0.36870775,0.035470255,0.0,-0.033708036,42.61848
714.6,714.6,2,2367,299.33404064178467,313222,0.6367557346820831,0.37641525,0.031382125,0.0,-0.018405832,49.168648
714.6,714.6,2,2369,301.3020405769348,315222,0.5854724645614624,0.37973434,0.0135069,0.0,-0.026476694,40.915882
631.6,631.6,10,2379,303.1784243583679,316922,0.9148922339081764,0.34683326,0.02612335,0.0,-0.052524667,25.053251
557.91,557.91,9,2388,305.1081511974335,318553,0.8878635913133621,0.31786215,0.043442592,0.0,-0.07528819,30.969084
557.91,557.91,2,2390,306.94371819496155,320553,0.7883257269859314,0.29881585,0.035234924,0.0,-0.039545216,48.50122
484.43,484.43,10,2400,308.8172821998596,323205,0.8583277016878128,0.27008247,0.027261492,0.0,-0.022125937,43.877213
411.64,411.64,9,2409,310.78194761276245,324926,0.9275752902030945,0.2291843,0.024183482,0.0,-0.030654214,21.654036
374.28,374.28,10,2419,312.7423851490021,326708,0.902044802904129,0.20795254,0.032651495,0.0,-0.055785228,25.937275
404.25,404.25,3,2422,314.65802025794983,329708,0.7738560885190964,0.19289383,0.052140202,0.0,-0.030172901,55.123276
324.62,324.62,10,2432,316.5345027446747,331443,0.7953517287969589,0.17438264,0.03387362,0.0,-0.018365588,37.182858
344.6,344.6,2,2434,318.3337936401367,333443,0.43532615900039673,0.17516613,0.03297566,0.0,-0.014090207,62.1273
310.13,310.13,17,2451,320.21889781951904,335642,0.8540300130844116,0.17044812,0.02940682,0.0,-0.025822297,38.722973
324.26,324.26,2,2453,322.000869512558,337642,0.8087548017501831,0.16359134,0.07457209,0.0,-0.035354305,33.80182
344.24,344.24,2,2455,324.1163899898529,339642,0.598490297794342,0.16145945,0.034843992,0.0,-0.036720153,48.149902
300.28,300.28,10,2465,326.16653633117676,341250,0.869782030582428,0.15725236,0.09341756,0.0,-0.046439532,36.40713
263.25,263.25,9,2474,328.1240875720978,343242,0.7403027415275574,0.15126494,0.05919235,0.0,-0.043962967,35.183056
266.99,266.99,9,2483,330.01381254196167,345247,0.8270560801029205,0.12665886,0.052430265,0.0,-0.050175223,25.49163
286.97,286.97,2,2485,332.1181073188782,347247,0.517620325088501,0.121126115,0.018203083,0.0,-0.03548356,42.52618
266.28,266.28,10,2495,334.22110056877136,349828,0.7681124806404114,0.116736814,0.039771713,0.0,0.00063070515,55.505665
286.26,286.26,2,2497,336.17549228668213,351828,0.7227430045604706,0.09169665,0.02010588,0.0,-0.030542113,34.95702
306.24,306.24,2,2499,338.0003502368927,353828,0.6061329543590546,0.093302965,0.012167554,0.0,-0.009401617,48.75821
309.02,309.02,10,2509,340.02114963531494,355828,0.7377564013004303,0.07804717,0.039388593,0.0,-0.028633436,32.829765
311.1,311.1,10,2519,342.01858019828796,357818,0.5714302659034729,0.07619953,0.038511313,0.0,-0.025982931,46.49326
258.82,258.82,17,2536,344.0042099952698,359801,0.7549381107091904,0.05439794,0.041203484,0.0,-0.032146957,28.304127
277.11,277.11,3,2539,345.85887360572815,361633,0.8758501783013344,0.031719685,0.03458019,0.0,0.003006738,28.334454
297.09,297.09,2,2541,347.70585012435913,363633,0.739883303642273,0.01382494,0.020043368,0.0,-0.022260258,40.160416
307.08,307.08,2,2543,349.51299500465393,365633,0.8916229158639908,0.018429399,0.1270607,0.0,-0.031207059,33.363907
309.89,309.89,10,2553,351.39448523521423,368631,0.8466152399778366,0.021175861,0.03858939,0.0,-0.026435832,41.823223
282.25,282.25,16,2569,353.3659453392029,370463,0.951264426112175,0.018651366,0.011124324,0.0,-0.01784004,13.738578
302.23,302.23,2,2571,355.147088766098,372463,0.5113917887210846,0.029486895,0.042908188,0.0,-0.014207522,51.642284
254.79,254.79,17,2588,356.97178077697754,374301,0.9578313045203686,0.028663516,0.023227219,0.0,-0.016235739,14.904892
212.74,212.74,17,2605,358.80986309051514,376099,0.9343045130372047,0.025893569,0.08023181,0.0,-0.0019664057,18.898924
192.78,192.78,17,2622,360.6063816547394,378088,0.9693757351487875,0.015423298,0.099303104,0.0,-0.042289656,10.757842
173.96,173.96,18,2640,362.53754472732544,380029,0.9496616870164871,0.01835084,0.08766688,0.0,-0.02921702,15.789469
133.44,133.44,16,2656,364.4341104030609,382921,0.8843593150377274,0.017956734,0.021223258,0.0,-0.023060994,25.328674
153.42,153.42,2,2658,366.1741533279419,384921,0.6280907988548279,0.027018547,0.14180903,0.0,-0.011822204,45.353638
173.4,173.4,2,2660,368.01587653160095,386921,0.8014024496078491,0.014471054,0.059185725,0.0,-0.058722958,51.274128
184.65,184.65,2,2662,369.80722069740295,388921,0.8728284537792206,-0.0026957989,0.17810906,0.0,-0.04407172,45.872166
204.63,204.63,2,2664,371.5749888420105,390921,0.8389846533536911,-0.018210769,0.03400199,0.0,-0.022919312,44.19674
224.61,224.61,2,2666,373.544091463089,392921,0.8365397602319717,-0.035099983,0.049317054,0.0,-0.03695829,52.15176
244.59,244.59,2,2668,375.4260001182556,394921,0.8590234518051147,-0.05761385,0.0915334,0.0,-0.024431026,40.301117
254.58,254.58,2,2670,377.40149211883545,396921,0.7227030396461487,-0.067711234,0.024919512,0.0,-0.027159546,48.763718
255.61,255.61,2,2672,379.1350383758545,398921,0.7713687270879745,-0.07713185,0.078227736,0.0,-0.028448815,33.259686
275.59,275.59,2,2674,380.84754037857056,400921,0.6834281384944916,-0.076757535,0.032668795,0.0,-0.014459107,46.322235
295.57,295.57,2,2676,382.5943007469177,402921,0.7725367695093155,-0.08761692,0.13235861,0.0,-0.031746373,38.765007
315.55,315.55,2,2678,384.26245760917664,404921,0.7475783824920654,-0.094165415,0.029510876,0.0,-0.00809204,43.58316
326.28,326.28,2,2680,385.9798483848572,406921,0.7905279099941254,-0.11106825,0.14469674,0.0,-0.019774621,33.04519
346.26,346.26,2,2682,387.81495118141174,408921,0.713964194059372,-0.11238122,0.110079005,0.0,-0.014716579,45.65602
366.24,366.24,2,2684,389.6441857814789,410921,0.7881046533584595,-0.1181469,0.10823721,0.0,-0.02389294,39.664017
384.99,384.99,3,2687,391.4764106273651,412799,0.8014707863330841,-0.12099892,0.056110006,0.0,-0.023589645,38.757122
397.15,397.15,2,2689,393.3431751728058,414799,0.7411332726478577,-0.115591764,0.015344177,0.0,-0.020956503,38.254642
405.94,405.94,23,2712,395.3366641998291,417690,0.8605771064758301,-0.12580466,0.49996096,0.0,-0.0140674785,24.405739
425.92,425.92,2,2714,397.10656332969666,419690,0.5845260620117188,-0.12950706,0.038568236,0.0,-0.02580767,35.674885
425.78,425.78,9,2723,398.92968106269836,421624,0.5640349388122559,-0.12954801,0.028905384,0.0,-0.015263347,38.98778
445.34,445.34,7,2730,400.700567483902,423587,0.5261888802051544,-0.13082027,0.043311242,0.0,-0.027610041,46.50183
453.12,453.12,10,2740,402.55847120285034,425341,0.8521960824728012,-0.1375165,0.14266005,0.0,0.0066746688,23.761478
368.13,368.13,24,2764,404.77379536628723,427734,0.8207693547010422,-0.13692194,0.16728,0.0,-0.036026802,27.677177
246.36,246.36,14,2778,406.7455368041992,429557,0.9213826656341553,-0.13699985,0.009178033,0.0,-0.010503715,20.54217
154.31,154.31,24,2802,408.79157280921936,432112,0.915828637778759,-0.1420098,4.7502055,0.0,0.13182819,29.399153
122.74,122.74,15,2817,410.8224267959595,433892,0.9562029838562012,-0.14217329,0.05281484,0.0,-0.051786855,12.187412
110.09,110.09,16,2833,412.76272320747375,435556,0.958727240562439,-0.14224699,0.007369221,0.0,-0.00725866,11.459591
103.18,103.18,18,2851,414.6002962589264,437460,0.9573831558227539,-0.14236784,0.020188587,0.0,-0.033467364,12.7447405
107.91,107.91,16,2867,416.3861360549927,439383,0.9601762481033802,-0.14253658,0.02640172,0.0,-0.03210787,16.314735
119.61,119.61,18,2885,418.25907158851624,442268,0.8976230248808861,-0.14266491,0.021767262,0.0,-0.007963775,38.797653
121.04,121.04,10,2895,420.04571199417114,444209,0.9611703790724277,-0.14291424,0.008600518,0.0,-0.023794308,12.759258
130.69,130.69,10,2905,421.97887325286865,446118,0.8136338889598846,-0.14289004,0.007527707,0.0,-0.023380011,33.6102
150.67,150.67,2,2907,423.94520378112793,448118,0.5103742778301239,-0.1427378,0.0033720825,0.0,-0.030154187,36.981453
162.18,162.18,10,2917,425.7929537296295,450110,0.8564961105585098,-0.14288425,0.014420707,0.0,-0.031453736,33.221905
154.66,154.66,18,2935,427.75589513778687,452004,0.9145358726382256,-0.14300394,0.016409434,0.0,-0.045149792,20.950575
174.64,174.64,2,2937,429.5499882698059,454004,0.8077969998121262,-0.14311796,0.009217597,0.0,-0.012284813,37.42675
185.04,185.04,9,2946,431.4314064979553,455959,0.9121656566858292,-0.14327627,0.0101387,0.0,-0.017534787,20.825195
194.82,194.82,9,2955,433.4033513069153,457930,0.8762558549642563,-0.1434679,0.009739074,0.0,-0.004351033,28.13359
204.25,204.25,8,2963,435.2442135810852,459804,0.8515472263097763,-0.14394766,0.0068965983,0.0,-0.030007612,24.17681
214.43,214.43,13,2976,437.13895869255066,462798,0.840098649263382,-0.143929,0.008876433,0.0,-0.018280044,29.859968
225.37,225.37,2,2978,438.9021825790405,464798,0.19959330558776855,-0.14365858,0.007852434,0.0,-0.027865821,55.320374
245.35,245.35,2,2980,440.7106294631958,466798,0.5767512023448944,-0.14396688,0.007215762,0.0,-0.025735518,43.19779
265.33,265.33,2,2982,442.4492681026459,468798,0.6130404770374298,-0.14367008,0.025330894,0.0,-0.02595525,34.984005
285.31,285.31,2,2984,444.3262689113617,470798,0.7047882974147797,-0.14356756,0.008942159,0.0,-0.022730082,31.67369
283.89,283.89,9,2993,446.2661232948303,472596,0.43444520235061646,-0.14290911,0.056325722,0.0,-0.03098378,34.675816
237.97,237.97,27,3020,448.23589849472046,474856,0.8322672098875046,-0.1418581,0.3628403,0.0,-0.030674178,36.411003
210.69,210.69,25,3045,450.23521757125854,477027,0.7352764904499054,-0.14116484,0.2123865,0.0,-0.030586429,49.945816
173.16,173.16,28,3073,452.3758497238159,479112,0.8872926980257034,-0.14030477,0.3235275,0.0,-0.02965874,32.91465
91.74,91.74,17,3090,454.36855721473694,480768,0.9326247870922089,-0.1394169,0.021437729,0.0,-0.0033503585,20.650974
84.43,84.43,27,3117,456.3434154987335,483296,0.9490016512572765,-0.13799232,0.03918209,0.0,-0.01317029,23.886417
83.92,83.92,17,3134,458.2814431190491,484709,0.9195183217525482,-0.13718295,0.031186812,0.0,-0.021675128,19.377224
85.7,85.7,28,3162,460.30398988723755,487025,0.9376081898808479,-0.13859197,0.07950479,0.0,-0.029705085,24.369411
84.12,84.12,25,3187,462.3126428127289,489177,0.9301263689994812,-0.13991335,0.03628554,0.0,-0.04063036,26.286488
76.89,76.89,24,3211,464.4196865558624,490979,0.9366325959563255,-0.14995575,2.8340514,0.0,0.264229,27.227112
83.43,83.43,21,3232,466.35449624061584,493050,0.9468805380165577,-0.14987475,0.07204234,0.0,-0.013702593,22.138779
79.8,79.8,26,3258,468.36868381500244,495001,0.9420091137290001,-0.15420553,0.046384778,0.0,-0.04826483,22.433956
91.03,91.03,18,3276,470.313325881958,497474,0.8959884569048882,-0.15416808,0.007927935,0.0,-0.016694842,37.912933
100.55,100.55,10,3286,472.2172899246216,499231,0.8671731799840927,-0.15409894,0.0028228187,0.0,-0.010638673,31.466799
93.92,93.92,36,3322,474.2498757839203,501735,0.9214255437254906,-0.15426588,0.008448098,0.0,-0.038482357,35.84099
95.79,95.79,17,3339,476.12074971199036,503262,0.9560832194983959,-0.15438631,0.015862375,0.0,-0.004538363,15.360172
95.24,95.24,25,3364,478.080096244812,505219,0.9496900551021099,-0.15457556,0.0024883472,0.0,-0.020348584,23.535202
77.03,77.03,25,3389,480.0812406539917,507611,0.956219982355833,-0.15450187,0.0039940854,0.0,-0.011852341,19.582489
83.06,83.06,23,3412,482.50424432754517,509547,0.9566893354058266,-0.15461774,0.0051566362,0.0,-0.028492149,19.59933
72.59,72.59,39,3451,484.7079463005066,511711,0.9294131845235825,-0.15484147,0.052957315,0.0,-0.0318965,32.75237
79.35,79.35,19,3470,486.60224056243896,513997,0.9243391156196594,-0.1547043,0.0025536218,0.0,-0.01882453,32.449757
72.79,72.79,23,3493,488.54192423820496,515622,0.9613053649663925,-0.15787168,0.03792819,0.0,0.12475233,17.534433
73.68,73.68,26,3519,490.4575583934784,517503,0.9495103098452091,-0.15828843,0.0070521235,0.0,-0.0035898662,18.649714
77.54,77.54,26,3545,492.3803527355194,519459,0.9584868140518665,-0.15956883,0.006420598,0.0,0.0019877802,19.972418
75.01,75.01,28,3573,494.3240396976471,521884,0.9586890302598476,-0.15933514,0.007728561,0.0,-0.008903692,14.712871
68.52,68.52,36,3609,496.3307695388794,523899,0.9419020339846611,-0.16164546,0.021973625,0.0,0.083931096,27.023104
68.74,68.74,23,3632,498.41227531433105,525835,0.9583937451243401,-0.17066579,0.576589,0.0,0.06030788,17.975864
78.78,78.78,18,3650,500.31308460235596,528075,0.8939640745520592,-0.17085119,0.014841752,0.0,-0.00019454875,42.53556
70.82,70.82,35,3685,502.4224421977997,530132,0.9601909294724464,-0.17108935,0.0045411424,0.0,0.049327552,22.114115
77.72,77.72,26,3711,504.4031057357788,532117,0.9573529325425625,-0.17136174,0.006777485,0.0,0.014546845,19.902819
65.79,65.79,23,3734,506.4808235168457,534197,0.9214771017432213,-0.17128034,0.0015075956,0.0,-0.012869181,29.11514
73.58,73.58,26,3760,508.5065052509308,536245,0.9520505592226982,-0.17127042,0.0037180092,0.0,-0.010699752,21.976543
77.54,77.54,28,3788,510.50771832466125,538608,0.9423595033586025,-0.18031424,0.15444131,0.0,0.031042622,29.062378
77.34,77.34,31,3819,512.5391316413879,540545,0.9139382466673851,-0.18031424,0.0007891103,0.0,-0.0016173269,40.948475
75.37,75.37,18,3837,514.5237591266632,542662,0.870375007390976,-0.18031424,0.0012032785,0.0,-0.019053284,38.816097
75.72,75.72,24,3861,516.5872707366943,544149,0.9510812349617481,-0.18031424,0.0016645013,0.0,-0.010616506,20.94025
74.29,74.29,23,3884,518.6664867401123,546033,0.9405394941568375,-0.18031424,0.008137163,0.0,-0.014142707,22.769053
88.33,88.33,29,3913,520.5714433193207,548678,0.9572405144572258,-0.18031424,0.0029446124,0.0,-0.019347971,18.385353
73.57,73.57,28,3941,522.4617118835449,550715,0.9564653187990189,-0.18031424,0.0013121066,0.0,-0.010504129,20.666142
81.28,81.28,25,3966,524.4700012207031,552901,0.945986982434988,-0.18031424,0.0029078317,0.0,-0.011254496,23.394009
73.07,73.07,25,3991,526.4430952072144,554665,0.9578137397766113,-0.18031424,0.00229246,0.0,-0.016445357,20.68687
70.6,70.6,33,4024,528.5324614048004,556974,0.9287126883864403,-0.18031424,0.001163867,0.0,-0.009399515,35.577385
79.26,79.26,17,4041,530.518985748291,558641,0.9539577923715115,-0.18031424,0.00073220715,0.0,-0.009150813,13.832963
78.04,78.04,22,4063,532.471798658371,560702,0.9585383981466293,-0.18031424,0.002135124,0.0,-0.006431763,18.648088
83.91,83.91,28,4091,534.4495072364807,563056,0.9524820037186146,-0.18031454,0.004444953,0.0,-0.0013828008,24.462902
85.02,85.02,24,4115,536.5546128749847,564762,0.935596652328968,-0.18031484,0.0025308852,0.0,0.02029159,21.856432
84.94,84.94,26,4141,538.6154565811157,567135,0.9601319618523121,-0.18031484,0.009852247,0.0,-0.040252533,15.691327
80.07,80.07,18,4159,540.52894282341,568705,0.9572116062045097,-0.18031484,0.00079624465,0.0,-0.010222175,15.0614395
91.72,91.72,18,4177,542.4882683753967,571168,0.8905705511569977,-0.18031484,0.003468784,0.0,-0.028429333,26.633894
91.01,91.01,16,4193,544.3984892368317,572594,0.9116248413920403,-0.18031484,0.00086449046,0.0,-0.0069896174,20.321436
94.6,94.6,26,4219,546.5652587413788,574871,0.9580661170184612,-0.18031484,0.0009655691,0.0,-0.0038229753,20.59337
101.63,101.63,20,4239,548.4134273529053,577296,0.9585326500236988,-0.18031484,0.002357058,0.0,-0.008061795,19.005608
91.43,91.43,34,4273,550.61785364151,579308,0.9174589142203331,-0.18031554,0.0016536532,0.0,0.013461402,38.773872
72.15,72.15,31,4304,552.842045545578,581413,0.9509407132863998,-0.18031354,0.0014366861,0.0,0.013061102,25.515732
82.45,82.45,15,4319,554.8170392513275,583116,0.9545567259192467,-0.18031424,0.0009862733,0.0,-0.009577007,16.725767
66.95,66.95,44,4363,556.831901550293,585621,0.9270247370004654,-0.18031836,0.00059424015,0.0,0.0009573753,39.40366
70.37,70.37,26,4389,558.9953029155731,587735,0.9479031786322594,-0.18031888,0.0031903614,0.0,0.026143208,22.246334
69.7,69.7,16,4405,560.9299962520599,589099,0.956318773329258,-0.1803196,0.0028988647,0.0,-0.010404177,14.534689
71.09,71.09,25,4430,562.9303901195526,591483,0.9407520778477192,-0.18031688,0.0049488763,0.0,-0.012719559,23.147045
83.47,83.47,25,4455,565.0638399124146,593552,0.9514193683862686,-0.18031454,0.0012696628,0.0,0.0011091763,21.733772
75.77,75.77,38,4493,567.1674377918243,595884,0.9200085327029228,-0.18030024,0.00081669237,0.0,0.003764281,37.28512
66.73,66.73,28,4521,569.034471988678,597466,0.9442309699952602,-0.18029481,0.0012809746,0.0,0.01902741,26.889793
71.18,71.18,26,4547,570.9077637195587,599925,0.9490591883659363,-0.18029737,0.0019268587,0.0,-0.010095703,24.190516
71.28,71.28,26,4573,573.002997636795,601883,0.9561816900968552,-0.18032283,0.004518054,0.0,0.017925456,20.356737
74.42,74.42,25,4598,574.9487254619598,604014,0.9518856666982174,-0.18032221,0.0023503613,0.0,-0.0053342404,21.756926
68.65,68.65,35,4633,576.8995535373688,606050,0.9461108669638634,-0.1803246,0.001326772,0.0,0.0027768936,29.32044
70.93,70.93,29,4662,578.9476637840271,608223,0.9560655727982521,-0.18032746,0.12456634,0.0,0.09750689,24.083683
69.18,69.18,25,4687,581.0268819332123,610139,0.9509015157818794,-0.1803422,0.0036282176,0.0,0.01789864,23.765469
77.75,77.75,10,4697,583.0349168777466,611788,0.9608411937952042,-0.18036456,0.0011149262,0.0,-0.0081327995,13.098365
79.85,79.85,35,4732,585.1491045951843,614034,0.9507289901375771,-0.18036097,0.00060791615,0.0,0.0051888223,27.216072
84.0,84.0,27,4759,587.2021851539612,616147,0.9600922912359238,-0.18036634,0.0039831563,0.0,-0.004523474,19.261992
78.72,78.72,24,4783,589.2357375621796,618007,0.9630680494010448,-0.18038611,0.0030502703,0.0,0.055025678,17.42709
67.2,67.2,36,4819,591.2123003005981,620287,0.9506465680897236,-0.1804256,0.010864778,0.0,0.07410725,27.628777
63.6,63.6,32,4851,593.4057910442352,622499,0.9349636659026146,-0.18040961,0.0028038563,0.0,0.029480902,32.51924
64.14,64.14,27,4878,595.4077155590057,624416,0.9562228694558144,-0.1804624,0.006233559,0.0,0.05161793,20.859207
72.93,72.93,25,4903,597.4938280582428,626455,0.9477928020060062,-0.18043882,0.0011323509,0.0,-0.008615615,20.128187
65.32,65.32,34,4937,599.5798971652985,628328,0.9404597282409668,-0.18050385,0.0098822,0.0,0.12691638,30.79928
69.17,69.17,23,4960,601.8929314613342,630142,0.9573148526251316,-0.18048078,0.004288385,0.0,-0.009685296,18.33229
66.03,66.03,34,4994,603.9202632904053,632439,0.958432037383318,-0.18151808,0.13356121,0.0,0.12269335,19.665668
74.36,74.36,27,5021,605.9967668056488,634769,0.9530892260372639,-0.18147296,0.0013616318,0.0,-0.0045423266,21.343626
70.27,70.27,28,5049,607.9533727169037,636581,0.8504727780818939,-0.18144464,0.0063629313,0.0,0.006816229,43.222042
71.91,71.91,21,5070,609.8868644237518,638474,0.957128643989563,-0.18138933,0.0024920972,0.0,-0.006708946,14.343053
85.62,85.62,18,5088,611.8875014781952,640995,0.9146003350615501,-0.18133879,0.00084956584,0.0,0.0043357234,34.31708
88.68,88.68,17,5105,613.9323441982269,642795,0.8809255287051201,-0.18131785,0.0046688286,0.0,0.042878695,33.273064
87.13,87.13,29,5134,616.054366350174,644824,0.9505296312272549,-0.18811707,0.14819819,0.0,0.16282097,28.576376
91.32,91.32,25,5159,618.1459293365479,646831,0.9635209776461124,-0.18811841,0.00029098152,0.0,-0.0046956576,18.016129
83.78,83.78,18,5177,620.0981068611145,648567,0.9701130911707878,-0.18812007,0.0010958894,0.0,-0.012867043,11.732842
96.32,96.32,18,5195,622.0690913200378,651023,0.8891291469335556,-0.18812418,0.0042053643,0.0,-0.010270717,44.282154
92.47,92.47,24,5219,624.1135194301605,653224,0.9543658532202244,-0.18813133,0.0026258072,0.0,-0.010046303,21.673584
91.71,91.71,25,5244,626.2253139019012,655335,0.937144972383976,-0.18813033,0.000717039,0.0,-0.009632974,25.079575
87.68,87.68,26,5270,628.2845666408539,657328,0.8748620003461838,-0.1881413,0.017671123,0.0,-0.008071106,36.35724
77.6,77.6,18,5288,630.2306022644043,658776,0.964630339294672,-0.18815184,0.0013017482,0.0,-0.012531567,12.300494
79.09,79.09,26,5314,632.2787353992462,661128,0.9581104591488838,-0.18816012,0.004281551,0.0,0.010141265,21.067324
78.53,78.53,29,5343,634.2213349342346,663187,0.9321756362915039,-0.18815808,0.0014221669,0.0,0.024832983,24.90425
81.08,81.08,25,5368,636.2188656330109,665434,0.959361769258976,-0.18815345,0.006287141,0.0,0.008156223,19.209133
79.51,79.51,26,5394,638.2754108905792,667544,0.9606270007789135,-0.18815154,0.00046372798,0.0,-0.0056875898,19.553555
78.38,78.38,17,5411,640.1679043769836,668963,0.9628919549286366,-0.18815976,0.001101444,0.0,-0.011564835,12.525104
79.22,79.22,38,5449,642.0310435295105,671700,0.9481750689446926,-0.1881547,0.0021684216,0.0,0.016777623,30.530592
76.58,76.58,17,5466,643.8222122192383,673090,0.9501271396875381,-0.18813948,0.00096713036,0.0,0.027904525,15.595764
71.55,71.55,36,5502,645.6918513774872,675341,0.9442152306437492,-0.18813181,0.0055493256,0.0,0.078700416,31.713596
74.45,74.45,24,5526,647.538186788559,677813,0.9521131850779057,-0.18813658,0.0008531218,0.0,-0.0032215924,22.381907
78.31,78.31,18,5544,649.3631720542908,679526,0.9566532485187054,-0.1881504,0.0003614998,0.0,-0.0021774073,14.980597
77.65,77.65,26,5570,651.5033218860626,681731,0.9560419097542763,-0.1881723,0.00096581015,0.0,-0.0026749775,20.87414
80.04,80.04,27,5597,653.3833639621735,683340,0.9395139962434769,-0.18818803,0.0007875917,0.0,0.015290943,21.572048
73.82,73.82,36,5633,655.3619894981384,685951,0.9525177627801895,-0.18814135,0.00038108873,0.0,0.011082272,26.154613
73.03,73.03,18,5651,657.3286108970642,687514,0.945104580372572,-0.18809657,0.0004349304,0.0,-0.0022616452,19.614574
70.63,70.63,27,5678,659.3443782329559,689509,0.9591353125870228,-0.188169,0.0011796139,0.0,0.054102425,20.355999
69.22,69.22,33,5711,661.5462653636932,691795,0.9582792483270168,-0.18824005,0.007894658,0.0,0.038375188,24.7631
63.97,63.97,32,5743,663.7344813346863,693903,0.9418817982077599,-0.18836164,0.006632359,0.0,0.058328487,30.41557
71.93,71.93,24,5767,665.8812870979309,695961,0.9552168622612953,-0.18835402,0.004154887,0.0,-0.005411182,19.367071
70.01,70.01,36,5803,667.9291346073151,698109,0.9405572302639484,-0.18844227,0.002171211,0.0,0.011172868,31.508541
63.07,63.07,35,5838,669.9794692993164,700205,0.9417059421539307,-0.18854423,0.009215049,0.0,0.05013323,31.290098
58.49,58.49,26,5864,672.0652618408203,701807,0.9442821182310581,-0.18861632,0.005216439,0.0,0.02156688,25.809235
57.28,57.28,42,5906,674.1655979156494,704252,0.9460684917867184,-0.18864709,0.014717971,0.0,0.05017419,28.65958
64.11,64.11,18,5924,676.2033956050873,706188,0.9307913780212402,-0.1943254,0.43371624,0.0,0.23035465,27.54837
68.61,68.61,27,5951,678.284063577652,708252,0.965359054505825,-0.1943254,0.00015882344,0.0,-0.010717718,16.67518
74.31,74.31,27,5978,680.2904291152954,710390,0.960389006882906,-0.1943254,0.00027787333,0.0,-0.0073643248,19.34664
87.11,87.11,10,5988,682.2453899383545,712090,0.894237570464611,-0.1943254,0.00798095,0.0,-0.028100083,31.301125
87.1,87.1,27,6015,684.2189934253693,714400,0.9484457224607468,-0.1943254,0.00021036647,0.0,-0.007415729,23.55892
97.73,97.73,11,6026,686.157927274704,716641,0.925829216837883,-0.1943254,0.0017887123,0.0,-0.009845693,33.296467
98.33,98.33,26,6052,688.1231551170349,718772,0.9417207315564156,-0.1943254,0.0001955225,0.0,-0.0074002566,22.061316
100.42,100.42,18,6070,689.9265630245209,720424,0.9564010091125965,-0.1943254,0.00014856766,0.0,-0.003931485,15.390813
100.48,100.48,20,6090,691.8103220462799,722944,0.9500415623188019,-0.1943254,0.00017360924,0.0,-0.0045733647,21.541018
106.85,106.85,15,6105,693.7150509357452,724330,0.9327328354120255,-0.1943254,0.00061810634,0.0,-0.004267192,19.01091
86.39,86.39,34,6139,695.7913932800293,726745,0.950395867228508,-0.1943254,0.00062333536,0.0,-0.005833014,25.902803
69.56,69.56,44,6183,697.9110572338104,729021,0.9380031563341618,-0.1943254,0.00011688899,0.0,-0.003120822,35.111454
58.96,58.96,26,6209,699.9028794765472,731000,0.9458244517445564,-0.1943254,0.000318862,0.0,-0.0061344756,24.879536
59.79,59.79,27,6236,701.9561936855316,732721,0.9622702561318874,-0.1943254,0.00016938901,0.0,-0.0056537366,18.414314
69.21,69.21,26,6262,704.0421624183655,734842,0.9431413114070892,-0.1943254,0.0004681005,0.0,-0.0048979,23.78553
74.37,74.37,26,6288,706.1581430435181,736880,0.9537917710840702,-0.1943254,0.0012619412,0.0,-0.0060302727,20.070488
67.96,67.96,36,6324,708.1380910873413,739046,0.9490385130047798,-0.1943254,9.8122924e-05,0.0,0.0016285197,27.694817
71.02,71.02,25,6349,710.052743434906,741167,0.9616382271051407,-0.1943254,0.00041361258,0.0,-0.003025664,19.494514
69.1,69.1,26,6375,711.929577589035,743128,0.9449642188847065,-0.1943254,0.00027912497,0.0,-0.0034658262,23.05899
67.26,67.26,28,6403,713.8269710540771,744913,0.9627165161073208,-0.1943254,0.00017697606,0.0,-0.004805453,19.19909
76.44,76.44,24,6427,715.8756830692291,747339,0.9572971500456333,-0.1943254,0.00045637778,0.0,-0.0064645647,19.011957
69.99,69.99,27,6454,717.8295757770538,748958,0.9596878997981548,-0.1943254,0.00072703406,0.0,-0.0074190367,19.330187
73.17,73.17,24,6478,719.8174591064453,750904,0.9580876156687737,-0.1943254,0.00030817225,0.0,-0.007750095,21.028215
76.97,76.97,32,6510,721.8706386089325,753411,0.9480541795492172,-0.1943254,0.0015847253,0.0,-0.017571526,24.624157
76.85,76.85,9,6519,723.7841246128082,755016,0.8875414505600929,-0.1943254,0.0056966366,0.0,-0.021966573,40.774666
86.32,86.32,22,6541,726.1084320545197,757100,0.9125602543354034,-0.1943254,0.0036696107,0.0,-0.010877065,15.687292
90.17,90.17,24,6565,728.1877110004425,759244,0.9399897493422031,-0.1943254,0.00034076071,0.0,0.005091114,27.432909
95.34,95.34,29,6594,730.2469837665558,761804,0.9606131576001644,-0.1943254,0.00051862135,0.0,0.0031955019,22.696072
73.79,73.79,34,6628,732.2442028522491,763795,0.9444994442164898,-0.1943254,0.00049049244,0.0,0.011117456,31.588356
71.68,71.68,27,6655,734.286251783371,765683,0.9449838548898697,-0.1943254,0.00016678884,0.0,0.002447055,23.759565
65.5,65.5,25,6680,736.3057904243469,767604,0.9520642459392548,-0.1943254,0.00017234246,0.0,-0.005381411,21.26109
65.06,65.06,35,6715,738.4093203544617,769894,0.945697944611311,-0.1943254,0.00036081293,0.0,-0.005471085,28.544767
73.66,73.66,17,6732,740.4244201183319,771862,0.9500857554376125,-0.1943254,0.00025839612,0.0,-0.0014097414,23.822502
78.41,78.41,26,6758,742.4807705879211,773889,0.9541170224547386,-0.1943254,0.00020454187,0.0,-0.0011917355,22.0846
72.41,72.41,34,6792,744.5231165885925,776020,0.9342451393604279,-0.1943254,0.00020039745,0.0,-0.0010898332,32.08785
69.67,69.67,32,6824,746.6345167160034,778085,0.9440656118094921,-0.1943254,8.547862e-05,0.0,0.0020359708,32.811325
57.65,57.65,35,6859,748.718320608139,780274,0.9463584907352924,-0.1943254,0.0004426666,0.0,0.0013521612,31.26347
63.66,63.66,22,6881,750.8957934379578,781984,0.9509068354964256,-0.1943254,0.0009193199,0.0,-0.00093285623,22.722982
70.78,70.78,16,6897,752.9881796836853,783509,0.9484282806515694,-0.1943254,0.0066875117,0.0,-0.018102024,20.354513
85.18,85.18,17,6914,755.0472202301025,785747,0.8956095948815346,-0.1943254,0.0012173315,0.0,0.00076255854,46.923923
89.59,89.59,23,6937,756.9164505004883,788370,0.9388028271496296,-0.1943254,0.00046791058,0.0,0.00063575583,25.535484
101.1,101.1,22,6959,758.9149947166443,790384,0.9614985771477222,-0.1943254,0.00025683557,0.0,-0.0058324216,17.545483
96.68,96.68,26,6985,760.9789159297943,792325,0.9511665403842926,-0.1943254,0.00040705307,0.0,-0.0074065137,21.236662
66.73,66.73,42,7027,763.1062998771667,794594,0.9145035520195961,-0.1943254,0.00021391222,0.0,-0.008010058,41.45724
54.82,54.82,36,7063,765.3138961791992,796594,0.9571228586137295,-0.1943254,7.157956e-05,0.0,-0.0033486169,24.080889
57.99,57.99,23,7086,767.2772240638733,798474,0.9350559040904045,-0.1943254,0.00028231353,0.0,-0.0035998188,25.811108
66.01,66.01,25,7111,769.3920571804047,800428,0.9463271573185921,-0.1943254,0.00017044318,0.0,-0.00037498132,23.109879
69.28,69.28,27,7138,771.9920754432678,802595,0.9379056245088577,-0.1943254,0.0004025545,0.0,-0.004906213,27.83674
75.75,75.75,29,7167,774.2217910289764,804529,0.9553250595927238,-0.19432369,7.384618e-05,0.0,-0.005347608,22.34115
73.87,73.87,26,7193,776.1951901912689,806629,0.9596836566925049,-0.19432369,0.00046712713,0.0,-0.0031248182,19.10522
78.39,78.39,17,7210,778.120792388916,808266,0.9407783076167107,-0.19432369,0.0004950386,0.0,0.0043357033,19.684484
77.7,77.7,27,7237,780.2241816520691,810364,0.9647723473608494,-0.19432369,0.00015091375,0.0,-0.0045537185,17.021717
91.86,91.86,23,7260,782.7307393550873,813047,0.9061610773205757,-0.19432369,0.008647652,0.0,-0.021131607,38.10667
96.34,96.34,10,7270,784.7238781452179,814544,0.9590959139168262,-0.19432369,0.00026312078,0.0,-0.003605553,12.621759
95.65,95.65,24,7294,786.7379336357117,816815,0.945134099572897,-0.19432369,0.000247385,0.0,-0.0034027977,24.338129
93.8,93.8,27,7321,788.6572477817535,818855,0.9487316012382507,-0.19432358,0.00016558118,0.0,-0.0008988194,24.867512
85.44,85.44,25,7346,790.7118220329285,820591,0.9481750912964344,-0.19432215,0.00011003578,0.0,-0.0034523513,25.102509
76.75,76.75,28,7374,792.8308491706848,822926,0.931805208325386,-0.19432454,0.0001908913,0.0,-0.003935829,30.099634
75.82,75.82,27,7401,794.791140794754,825136,0.9599639214575291,-0.19432434,0.00018036249,0.0,-0.00321144,19.02763
72.33,72.33,37,7438,796.7439389228821,827316,0.9317959994077682,-0.19432339,0.00011944925,0.0,0.010600558,34.23966
62.15,62.15,34,7472,798.7113025188446,829139,0.9378018826246262,-0.19433212,4.2407424e-05,0.0,0.004285065,28.285175
59.17,59.17,27,7499,800.6359565258026,831051,0.959588922560215,-0.19433102,0.0012280189,0.0,-0.0051380163,18.07725
65.12,65.12,27,7526,802.6932392120361,833119,0.963192518800497,-0.19433546,0.00026416476,0.0,-0.0027400502,18.556618
71.5,71.5,16,7542,804.5945012569427,834944,0.9450298920273781,-0.19434018,0.00026387244,0.0,0.0003071577,19.525364
81.36,81.36,24,7566,806.548727273941,837269,0.947342362254858,-0.19434352,0.001372888,0.0,0.0052445997,24.099539
76.49,76.49,38,7604,808.4936735630035,839487,0.9479312747716904,-0.19434018,0.0011495131,0.0,-0.003522569,25.968739
85.8,85.8,19,7623,810.3574151992798,841696,0.9354065135121346,-0.19433542,0.00024540187,0.0,-0.00063400343,26.266602
79.0,79.0,24,7647,812.3192360401154,843630,0.9491988234221935,-0.19433837,0.00010499949,0.0,-0.0023229788,24.92038
80.49,80.49,28,7675,814.2149362564087,845738,0.9526067860424519,-0.1943417,0.00021605735,0.0,0.0026165093,23.718506
82.75,82.75,26,7701,816.1760790348053,847759,0.9524571225047112,-0.19433255,0.00012296005,0.0,-0.00078606093,22.01256
95.52,95.52,10,7711,817.994286775589,849438,0.9021868482232094,-0.19435601,0.0020163236,0.0,-0.016378863,34.337357
83.24,83.24,26,7737,819.9592881202698,851475,0.9430868625640869,-0.1943564,0.00044631452,0.0,0.0032335757,24.03471
90.87,90.87,25,7762,821.8836891651154,853947,0.9355520680546761,-0.19436888,0.00016206448,0.0,0.0017308027,30.355118
87.28,87.28,28,7790,823.7628657817841,855993,0.9368893206119537,-0.19445309,0.00034457428,0.0,0.0050170613,27.63118
70.89,70.89,38,7828,825.6895816326141,857786,0.9389489814639091,-0.19445567,0.00014967489,0.0,0.01630226,33.264835
56.7,56.7,28,7856,827.5956406593323,859611,0.9519145973026752,-0.19444576,0.0023655114,0.0,0.002632449,21.591146
69.77,69.77,17,7873,829.6101565361023,862152,0.90345249325037,-0.19442983,0.0011484646,0.0,-0.009641281,41.907703
75.24,75.24,25,7898,831.6284861564636,863939,0.9329734444618225,-0.19441362,0.0014027099,0.0,-0.002038333,22.885626
84.23,84.23,26,7924,833.6410775184631,866205,0.9388213492929935,-0.19440036,0.0003439152,0.0,0.00046877237,26.31714
86.47,86.47,26,7950,835.6005752086639,868252,0.9531371258199215,-0.19441752,0.00016374461,0.0,0.009708866,24.002974
75.8,75.8,27,7977,837.4399423599243,870391,0.9524090699851513,-0.1944251,0.0001931141,0.0,-0.00073272584,21.526817
73.26,73.26,26,8003,839.3327305316925,872022,0.9354714900255203,-0.19442992,0.002362174,0.0,0.0033648629,27.755331
66.89,66.89,31,8034,841.2787103652954,874436,0.9400882758200169,-0.1944408,0.00024856415,0.0,-0.0017044891,27.875708
57.95,57.95,36,8070,843.1928770542145,876179,0.9415357187390327,-0.19447184,2.4995417e-05,0.0,0.0017280853,30.078327
62.05,62.05,29,8099,845.0543277263641,878223,0.9486444853246212,-0.19445118,0.00029940731,0.0,-0.00026907615,23.085384
61.54,61.54,35,8134,847.0937840938568,880590,0.9422381594777107,-0.19439034,0.00039899137,0.0,0.0022836546,31.819542
68.11,68.11,17,8151,849.0133299827576,882131,0.943535640835762,-0.19439316,0.0001310409,0.0,-0.0011079623,18.426247
76.51,76.51,28,8179,850.9235949516296,884260,0.9528897069394588,-0.19441791,0.00017247771,0.0,0.0021798816,23.172997
73.86,73.86,30,8209,852.9060962200165,886120,0.9525509253144264,-0.19437203,0.0003328694,0.0,0.008463381,22.059849
69.95,69.95,26,8235,854.795156955719,888342,0.9541960805654526,-0.19438824,0.0006375939,0.0,0.009390455,22.89609
70.98,70.98,26,8261,856.7730095386505,890571,0.9565406292676926,-0.19444561,0.00014716916,0.0,0.0012177704,20.649485
70.03,70.03,37,8298,858.758927822113,892612,0.9478301592171192,-0.19442892,0.0001927742,0.0,0.00731154,28.576336
66.3,66.3,27,8325,860.7273442745209,894461,0.954031266272068,-0.19445567,0.00015607063,0.0,0.0063697034,21.553312
64.16,64.16,32,8357,862.8327648639679,896983,0.9537657015025616,-0.19450764,0.00015858148,0.0,0.009246044,26.7461
67.26,67.26,27,8384,864.754335641861,898604,0.9538475833833218,-0.19447628,6.0339604e-05,0.0,0.0070848595,20.475206
67.62,67.62,25,8409,866.7146410942078,900791,0.9520171508193016,-0.19453445,7.0386246e-05,0.0,0.0004438623,23.52553
71.24,71.24,30,8439,868.7882471084595,902639,0.9468905255198479,-0.19445129,6.565433e-05,0.0,0.0054730205,29.317764
73.79,73.79,27,8466,870.8706991672516,904784,0.9581427164375782,-0.19443984,0.00094480504,0.0,-0.0014180383,19.474344
75.48,75.48,24,8490,872.8845729827881,906857,0.9498426094651222,-0.19443746,0.0004707226,0.0,-0.00033462292,24.036697
66.36,66.36,45,8535,874.9597005844116,909271,0.9242699295282364,-0.19441685,0.00010703609,0.0,0.00923805,39.03657
61.82,61.82,27,8562,876.9312653541565,910962,0.9328286722302437,-0.19441514,0.0005736891,0.0,0.010586333,30.384865
62.55,62.55,27,8589,879.0123541355133,913111,0.9533982127904892,-0.19441219,0.0003333866,0.0,0.008133666,25.128109
69.77,69.77,27,8616,880.9579825401306,915343,0.9612478129565716,-0.19440952,8.499605e-05,0.0,-0.0005496091,19.615412
74.81,74.81,19,8635,882.8476984500885,916752,0.9676217138767242,-0.19448562,0.000603219,0.0,0.007672829,13.645476
96.35,96.35,8,8643,884.6707525253296,919275,0.8891656324267387,-0.19511838,0.01738504,0.0,0.10241889,31.879383
87.83,87.83,27,8670,886.6008553504944,920944,0.9503724649548531,-0.19515367,0.00014794251,0.0,0.002611493,23.566858
88.66,88.66,32,8702,888.7319030761719,923406,0.9499858431518078,-0.19523044,0.00017016049,0.0,0.009605368,22.584097
88.8,88.8,26,8728,890.6091058254242,925625,0.9507752247154713,-0.19524431,0.0005634256,0.0,0.0033289413,24.335764
78.38,78.38,24,8752,892.7675018310547,927577,0.9637936539947987,-0.19527431,0.00010611015,0.0,0.0004575965,17.746548
87.12,87.12,18,8770,894.7117002010345,929656,0.9335673749446869,-0.19523382,8.517229e-05,0.0,0.0008824405,26.332855
83.42,83.42,22,8792,896.6578431129456,931366,0.9513993076980114,-0.19526096,5.9939717e-05,0.0,0.013041498,23.142214
88.45,88.45,17,8809,898.5435795783997,933201,0.9499306418001652,-0.19534726,0.00040409635,0.0,0.0009279656,17.528294
85.06,85.06,33,8842,900.6455972194672,935595,0.9292617663741112,-0.1953753,6.5660744e-05,0.0,0.011155013,34.659676
80.67,80.67,26,8868,902.6448972225189,937721,0.9558017775416374,-0.19539742,2.9349962e-05,0.0,0.010981727,20.805182
66.96,66.96,36,8904,904.685462474823,939892,0.9332852885127068,-0.19536786,0.00013662013,0.0,0.0081767365,32.94485
72.98,72.98,19,8923,906.5461189746857,941646,0.9669231735169888,-0.19537306,9.915486e-05,0.0,-0.0018368145,12.830144
73.2,73.2,25,8948,908.5307602882385,943751,0.9595840200781822,-0.19540611,6.4163614e-05,0.0,0.0033745077,20.240458
77.11,77.11,26,8974,910.5021424293518,945974,0.9533319175243378,-0.195443,4.5448716e-05,0.0,-0.0005583614,21.994993
83.59,83.59,17,8991,912.406519651413,947810,0.9515545666217804,-0.1954389,1.5297483e-05,0.0,0.00010582013,21.842653
83.68,83.68,25,9016,914.4456386566162,950007,0.9596766903996468,-0.19539447,2.2924287e-05,0.0,0.0006367401,19.455141
76.37,76.37,33,9049,916.5465924739838,952208,0.9308976978063583,-0.19532485,0.0006552918,0.0,0.000476846,37.2133
84.6,84.6,17,9066,918.5441482067108,953725,0.944862611591816,-0.19531207,0.00010499376,0.0,0.007794343,20.520426
71.16,71.16,27,9093,920.6224939823151,955682,0.9703177195042372,-0.19536209,0.00032307729,0.0,0.0007670659,15.034297
72.95,72.95,28,9121,922.578891992569,957915,0.9572959914803505,-0.19537596,4.25248e-05,0.0,0.004148268,21.19314
82.93,82.93,26,9147,924.6170494556427,960499,0.8950395435094833,-0.1953648,1.2005767e-05,0.0,0.0005033021,48.865322
73.23,73.23,33,9180,926.5470130443573,962531,0.927252858877182,-0.19537115,0.00017169546,0.0,0.009380247,35.37598
72.15,72.15,28,9208,928.4463610649109,964267,0.9477123133838177,-0.19539213,6.100844e-05,0.0,0.0017374629,26.210806
80.84,80.84,10,9218,930.2219521999359,965996,0.93308936804533,-0.19536766,0.00022721733,0.0,-0.002637918,27.494425
75.53,75.53,35,9253,932.2020649909973,968410,0.9429249539971352,-0.19536595,3.396644e-05,0.0,0.0016836384,29.571987
80.78,80.78,24,9277,934.0093910694122,970606,0.9469516612589359,-0.19539022,1.0424061e-05,0.0,0.0026913178,25.030037
76.14,76.14,36,9313,935.9691913127899,972606,0.9562328904867172,-0.19539371,7.716881e-06,0.0,0.0022206595,24.806627
76.29,76.29,9,9322,937.9051804542542,974417,0.886882521212101,-0.19541363,0.00014808527,0.0,-0.0013766505,39.201004
76.09,76.09,34,9356,939.9862306118011,976873,0.9099400043487549,-0.19540496,2.6140333e-05,0.0,0.000575204,40.31499
75.93,75.93,24,9380,942.0745627880096,978676,0.9339186996221542,-0.19540215,5.241658e-06,0.0,0.0017466529,29.284208
83.5,83.5,24,9404,944.1420950889587,980495,0.9374415203928947,-0.19540358,6.425311e-06,0.0,0.0020759522,26.337027
73.76,73.76,26,9430,946.2132904529572,982465,0.9455757662653923,-0.19540982,9.301322e-06,0.0,0.0007835692,24.68595
79.54,79.54,26,9456,948.239776134491,984827,0.9546015039086342,-0.19540639,6.924907e-06,0.0,-0.00023431168,21.539137
75.25,75.25,28,9484,950.2230226993561,986831,0.9548220448195934,-0.19541545,1.4235266e-06,0.0,0.0008309046,21.551971
76.08,76.08,27,9511,952.1872239112854,988896,0.9519516602158546,-0.19541755,9.811483e-07,0.0,0.00036182208,22.635628
70.97,70.97,35,9546,954.0863666534424,991025,0.9519349783658981,-0.19541946,1.3096578e-05,0.0,0.0013481113,27.972649
68.82,68.82,25,9571,955.9510986804962,993236,0.9301432371139526,-0.19541469,1.0798976e-06,0.0,0.0012940706,32.233532
61.25,61.25,34,9605,957.9893579483032,995015,0.9247162193059921,-0.19540887,4.684407e-07,0.0,0.0003304775,38.82241
66.03,66.03,27,9632,959.9998700618744,996809,0.9477332159876823,-0.19540897,3.8414146e-07,0.0,0.00027197762,23.59952
74.03,74.03,17,9649,962.007890701294,999315,0.9100161343812943,-0.1954021,2.790708e-06,0.0,-0.00027536182,82.054184
72.57,72.57,27,9676,964.0131423473358,1000945,0.9468734785914421,-0.19540219,-5.515176e-08,0.0,7.4713025e-05,23.76863
